message,username,x,y,z
昨日何やってたか覚えてない,[2] Local Player,1.982716,0.3145971,5.231071
テスト,周,1.534277,0.1747302,8.894606
一応テスト,周音 -Amane-,1.102383,0.0557245,0.6639796
saww,[1] Local Player,1.98765,-0.1906922,1.132146
