message,username,x,y,z
いい加減寝たい,[1] Local Player,1.026598,0.4551427,348.7373
テスト,周,1.534277,0.1747302,8.894606
