message,username,x,y,z
08F?53,[1] Local Player,1.296715,0.3134686,11.86048
%EF%BD%93%E3%81%8B%E3%81%8A,%5B%31%5D%20%4C%6F%63%61%6C%20%50%6C%61%79%65%72,0.8651203,0.3087109,10.82739
