message,username,x,y,z
terst1,[2] Local Player,2.101586,0.5021781,12.93082
terst1,[3] Local Player,2.101586,0.5021781,12.93082