message,username,x,y,z
testkoakosa,[2] Local Player,0.5021781,2.101586,12.93
test2,[3] Local Player,2.101586,0.5021781,12.93082
test2,[4] Local Player,0.5021781,12.93082,2.101586
test,5] Local Player,0.5021781,2.101586,12.93
test2,[6] Local Player,2.101586,0.5021781,12.93082
test2,Local Player,0.5021781,12.93082,2.101586
