message,username,x,y,z
08F?53,[1] Local Player,1.296715,0.3134686,11.86048
テスト,アマネ,0.8651203,0.3087109,10.82739
,,0,0,0
