message,username,x,y,z
昨日何やってたか覚えてない,[2] Local Player,1.982716,0.3145971,5.231071
テスト,周,1.534277,0.1747302,8.894606
なんかわからなくなってきた,周音 -Amane-,0.8901809,0.09468436,358.1919
