?message,username,x,y,z
08F?53,[1] Local Player,1.296715,0.3134686,11.86048
???,[1] Local Player,1.534277,0.1747302,8.894606
,,0,0,0
