message,username,x,y,z
test,[2] Local Player,0.5021781,2.101586,12.93
????,[3] Local Player,2.101586,0.5021781,12.93082
?????????,[3] Local Player,0.5021781,12.93082,2.101586
